,,STRIKE,OPEN RANGE, HIGH, LOW,CLOSING RANGE,SETT.PRICE & PT.CHGE.,DELTA,EXER CISES,RTH VOLUME,GLOBEX VOLUME,OPEN INTEREST,OPEN INTEREST CHANGE, CONTRACT  (HIGH  LOW)
OCT18,EURO DLR CALL,9725,----,----,----,0.080N,.080 UNCH,.949,----,----,----,36359,0,.170B,.070A
OCT18,EURO DLR CALL,9737,----,----,----,----,CAB ----,.081,----,6000,6000,139676,+2742,.190B,.000A
OCT18,EURO DLR CALL,9750,----,----,----,----,CAB ----,----,----,----,----,100786,0,.120B,.000
OCT18,EURO DLR CALL,9762,----,----,----,----,CAB ----,----,----,----,----,83728,0,.070B,.000
OCT18,EURO DLR CALL,9775,----,----,----,----,CAB ----,----,----,----,----,25191,0,.030B,.010
OCT18,EURO DLR CALL,9787,----,----,----,----,CAB ----,----,----,----,----,1100,0,.020B,.010A
OCT18,EURO DLR CALL,9800,----,----,----,----,CAB ----,----,----,----,----,3000,0,.010,.010
OCT18,EURO DLR CALL,9812,----,----,----,----,CAB ----,----,----,----,----,1,0,.000,.000
NOV18,EURO DLR CALL,9725,----,----,----,0.085N,.085 UNCH,.867,----,1000,----,1151,+1000,.170B,.080A
NOV18,EURO DLR CALL,9737,----,----,----,0.010N,.012+ 0.2,.270,----,1525,525,58498,0,.200B,.010
NOV18,EURO DLR CALL,9750,----,----,----,----,.002+ 0.2,.052,----,2000,1000,91056,+995,.070B,.000
NOV18,EURO DLR CALL,9762,----,----,----,----,CAB ----,.002,----,----,----,57874,0,.030B,.010A
NOV18,EURO DLR CALL,9775,----,----,----,----,CAB ----,.000,----,----,----,7866,0,.020,.010
NOV18,EURO DLR CALL,9787,----,----,----,----,CAB ----,----,----,----,----,1350,0,.010B,.000
NOV18,EURO DLR CALL,9800,----,----,----,----,CAB ----,----,----,----,----,1,0,.010,.010
DEC18,EURO DLR CALL,9600,----,----,----,1.330N,1.330 UNCH,1.000,----,----,----,9480,0,1.370,1.320
DEC18,EURO DLR CALL,9650,----,----,----,0.830N,.830 UNCH,1.000,----,----,----,4818,0,1.450B,.800A
DEC18,EURO DLR CALL,9675,----,----,----,0.580N,.580 UNCH,.999,----,----,----,3000,0,1.590B,.570A
DEC18,EURO DLR CALL,9700,----,----,----,0.330N,.330 UNCH,.966,----,----,----,198,0,1.340B,.310A
DEC18,EURO DLR CALL,9712,----,----,----,0.210N,.210 UNCH,.924,----,----,----,16380,0,1.220B,.200A
DEC18,EURO DLR CALL,9725,----,----,----,0.095N,.095 UNCH,.768,----,5000,----,75808,+3125,1.090B,.090A
DEC18,EURO DLR CALL,9737,----,----,----,0.025N,.025 UNCH,.340,----,29167,1667,219655,+4320,.970B,.020
DEC18,EURO DLR CALL,9750,0.007,.007,*.007,0.007,.007 UNCH,.109,----,45915,5915,353986,+11201,.940B,.010
DEC18,EURO DLR CALL,9762,----,----,----,0.002N,.002 UNCH,.036,----,9461,4711,435615,+13760,.820B,.000
DEC18,EURO DLR CALL,9775,----,----,----,----,CAB ----,.005,----,----,----,170960,0,.700B,.000
DEC18,EURO DLR CALL,9787,----,----,----,----,CAB ----,.000,----,----,----,186651,0,.590B,.000
DEC18,EURO DLR CALL,9800,----,----,----,----,CAB ----,.000,----,----,----,122257,0,.960B,.000
DEC18,EURO DLR CALL,9812,----,----,----,----,CAB ----,----,----,----,----,82207,0,.970,.000
DEC18,EURO DLR CALL,9825,----,----,----,----,CAB ----,----,----,----,----,62395,0,.360B,.000
DEC18,EURO DLR CALL,9837,----,----,----,----,CAB ----,----,----,----,----,62379,0,.520B,.010
DEC18,EURO DLR CALL,9850,----,----,----,----,CAB ----,----,----,----,----,59675,0,.560,.000
DEC18,EURO DLR CALL,9862,----,----,----,----,CAB ----,----,----,----,----,44916,0,.660B,.010
DEC18,EURO DLR CALL,9875,----,----,----,----,CAB ----,----,----,----,----,40528,0,.470B,.000
DEC18,EURO DLR CALL,9887,----,----,----,----,CAB ----,----,----,----,----,16533,0,.380,.000
DEC18,EURO DLR CALL,9900,----,----,----,----,CAB ----,----,----,----,----,231031,0,.400,.000
DEC18,EURO DLR CALL,9912,----,----,----,----,CAB ----,----,----,----,----,15302,0,.340,.020
DEC18,EURO DLR CALL,9925,----,----,----,----,CAB ----,----,----,----,----,18408,0,.310,.000
DEC18,EURO DLR CALL,9937,----,----,----,----,CAB ----,----,----,----,----,4475,0,.120B,.010
DEC18,EURO DLR CALL,9950,----,----,----,----,CAB ----,----,----,----,----,49239,0,.210B,.010
DEC18,EURO DLR CALL,9962,----,----,----,----,CAB ----,----,----,----,----,250,0,.010B,.010
DEC18,EURO DLR CALL,9975,----,----,----,----,CAB ----,----,----,----,----,1876,0,.190,.010A
DEC18,EURO DLR CALL,9987,----,----,----,----,CAB ----,----,----,----,----,785,0,.090,.010
DEC18,EURO DLR CALL,10000,----,----,----,----,CAB ----,----,----,----,----,78255,0,.110,.000
DEC18,EURO DLR CALL,10125,----,----,----,----,CAB ----,----,----,----,----,5,0,.030B,.010
JAN19,EURO DLR CALL,9712,----,----,----,0.062N,.067+ 0.5,.540,----,1250,1250,11706,-500,.190B,.060A
JAN19,EURO DLR CALL,9725,----,----,----,0.025N,.027+ 0.2,.261,----,----,----,20900,0,.120B,.030A
JAN19,EURO DLR CALL,9737,0.010,.010,*.010,0.010,.012+ 0.2,.122,----,2700,2200,40654,+1977,.070B,.010A
JAN19,EURO DLR CALL,9750,----,----,----,0.005N,.005 UNCH,.052,----,2200,2200,23721,+1977,.040B,.020A
JAN19,EURO DLR CALL,9762,----,----,----,0.002N,.002 UNCH,.025,----,----,----,42500,0,.020B,.010
JAN19,EURO DLR CALL,9775,----,----,----,----,CAB ----,.007,----,----,----,1875,0,.010,.010
JAN19,EURO DLR CALL,9787,----,----,----,----,CAB ----,.001,----,----,----,250,0,.010,.010
JAN19,EURO DLR CALL,9800,----,----,----,----,CAB ----,.000,----,----,----,625,0,.010,.010
FEB19,EURO DLR CALL,9750,----,----,----,0.007N,.010+ NEW,.083,----,250,250,250,+250,.010,.010
MAR19,EURO DLR CALL,9600,----,----,----,1.130N,1.140+ 1.0,.999,----,----,----,7218,0,2.130B,1.180
MAR19,EURO DLR CALL,9650,----,----,----,0.630N,.640+ 1.0,.992,----,----,----,5560,0,1.770B,.630A
MAR19,EURO DLR CALL,9687,----,----,----,0.262N,.272+ 1.0,.899,----,----,----,4000,0,1.400B,.260A
MAR19,EURO DLR CALL,9700,----,----,----,0.157N,.167+ 1.0,.762,----,2000,----,13103,+1500,1.270B,.160A
MAR19,EURO DLR CALL,9712,----,----,----,0.085N,.092+ 0.7,.528,----,5359,1359,85630,+371,1.160,.080
MAR19,EURO DLR CALL,9725,----,----,----,0.040N,.045+ 0.5,.311,----,2610,610,227039,0,1.030B,.040A
MAR19,EURO DLR CALL,9737,----,----,----,0.020N,.022+ 0.2,.170,----,2580,2580,186131,-1551,.920B,.020
MAR19,EURO DLR CALL,9750,----,----,----,0.010N,.012+ 0.2,.095,----,3803,3803,136838,-250,.800B,.010
MAR19,EURO DLR CALL,9762,----,----,----,0.007N,.007 UNCH,.056,----,1115,1115,81983,0,.800B,.010
MAR19,EURO DLR CALL,9775,----,----,----,0.005N,.005 UNCH,.036,----,----,----,56620,0,.600,.010
MAR19,EURO DLR CALL,9787,----,----,----,0.002N,.002 UNCH,.019,----,1000,989,63950,-11,1.020,.010
MAR19,EURO DLR CALL,9800,----,CAB,CAB,----,CAB ----,.007,----,14000,989,216890,+12630,1.070,.000
MAR19,EURO DLR CALL,9812,----,----,----,----,CAB ----,.002,----,1000,989,42608,-11,.400B,.000
MAR19,EURO DLR CALL,9825,----,----,----,----,CAB ----,.000,----,----,----,95382,0,.510B,.000
MAR19,EURO DLR CALL,9837,----,----,----,----,CAB ----,.000,----,----,----,32689,0,.730,.010
MAR19,EURO DLR CALL,9850,----,----,----,----,CAB ----,.000,----,25000,----,72782,-16132,.410B,.000
MAR19,EURO DLR CALL,9862,----,----,----,----,CAB ----,.000,----,----,----,17945,0,.150B,.000
MAR19,EURO DLR CALL,9875,----,----,----,----,CAB ----,----,----,----,----,44267,0,.530B,.020A
MAR19,EURO DLR CALL,9887,----,----,----,----,CAB ----,----,----,----,----,28000,0,.190B,.010A
MAR19,EURO DLR CALL,9900,----,----,----,----,CAB ----,----,----,----,----,75116,0,.070B,.010
MAR19,EURO DLR CALL,9912,----,----,----,----,CAB ----,----,----,----,----,8950,0,.060B,.010
MAR19,EURO DLR CALL,9925,----,----,----,----,CAB ----,----,----,----,----,7000,0,.040B,.020
MAR19,EURO DLR CALL,9937,----,----,----,----,CAB ----,----,----,----,----,450,0,.030B,.020A
MAR19,EURO DLR CALL,9950,----,----,----,----,CAB ----,----,----,----,----,45600,0,.250B,.020
MAR19,EURO DLR CALL,9962,----,----,----,----,CAB ----,----,----,----,----,251,0,.200,.020
MAR19,EURO DLR CALL,9975,----,----,----,----,CAB ----,----,----,----,----,225,0,.020,.020
MAR19,EURO DLR CALL,9987,----,----,----,----,CAB ----,----,----,----,----,383,0,.100,.100
MAR19,EURO DLR CALL,10000,----,----,----,----,CAB ----,----,----,----,----,3569,0,.120B,.010A
JUN19,EURO DLR CALL,9662,----,----,----,0.342N,.352+ 1.0,.889,----,----,----,125,0,----,1.080A
JUN19,EURO DLR CALL,9675,----,----,----,0.237N,.247+ 1.0,.781,----,----,----,250,0,.530B,.250A
JUN19,EURO DLR CALL,9687,----,----,----,0.160N,.170+ 1.0,.618,----,----,----,19774,0,1.370,.160A
JUN19,EURO DLR CALL,9700,----,----,----,0.102N,.110+ 0.7,.456,----,----,----,38269,0,.440B,.100A
JUN19,EURO DLR CALL,9712,----,----,----,0.065N,.070+ 0.5,.318,----,930,180,47583,+700,.450B,.070A
JUN19,EURO DLR CALL,9725,----,----,----,0.040N,.045+ 0.5,.216,----,180,180,61681,0,.930B,.040A
JUN19,EURO DLR CALL,9737,----,----,----,0.025N,.027+ 0.2,.141,----,1500,----,139178,+200,.280B,.030A
JUN19,EURO DLR CALL,9750,----,----,----,0.017N,.017 UNCH,.092,----,345,345,52951,0,.640,.020A
JUN19,EURO DLR CALL,9762,----,----,----,0.012N,.012 UNCH,.065,----,----,----,54992,0,.580B,.020
JUN19,EURO DLR CALL,9775,----,----,----,0.010N,.010 UNCH,.050,----,----,----,86807,0,1.120,.010
JUN19,EURO DLR CALL,9787,----,----,----,0.007N,.007 UNCH,.036,----,----,----,95524,0,.590B,.010
JUN19,EURO DLR CALL,9800,----,----,----,0.005N,.005 UNCH,.024,----,----,----,53437,0,.500B,.010
JUN19,EURO DLR CALL,9812,----,----,----,0.002N,.002 UNCH,.013,----,----,----,30786,0,.400B,.000
JUN19,EURO DLR CALL,9825,----,----,----,----,CAB ----,.007,----,----,----,68605,0,.320B,.010
JUN19,EURO DLR CALL,9837,----,----,----,----,CAB ----,.003,----,----,----,30552,0,.260B,.010A
JUN19,EURO DLR CALL,9850,----,----,----,----,CAB ----,.001,----,----,----,36132,0,.620,.010
JUN19,EURO DLR CALL,9862,----,----,----,----,CAB ----,.000,----,----,----,37257,0,.160B,.010A
JUN19,EURO DLR CALL,9875,----,----,----,----,CAB ----,.000,----,----,----,18958,0,.490B,.010
JUN19,EURO DLR CALL,9887,----,----,----,----,CAB ----,.000,----,----,----,10000,0,.090B,.000
JUN19,EURO DLR CALL,9900,----,----,----,----,CAB ----,.000,----,----,----,121839,0,.080B,.000
JUN19,EURO DLR CALL,9912,----,----,----,----,CAB ----,.000,----,----,----,18953,0,.050B,.010
JUN19,EURO DLR CALL,9925,----,----,----,----,CAB ----,.000,----,----,----,6373,0,.040B,.000
JUN19,EURO DLR CALL,9950,----,----,----,----,CAB ----,----,----,----,----,14210,0,.240B,.020
JUN19,EURO DLR CALL,9987,----,----,----,----,CAB ----,----,----,----,----,100,0,.110,.110
JUN19,EURO DLR CALL,10000,----,----,----,----,CAB ----,----,----,----,----,2105,0,.120B,.000
SEP19,EURO DLR CALL,9662,----,----,----,0.282N,.287+ 0.5,.704,----,----,----,125,0,1.390B,.280A
SEP19,EURO DLR CALL,9675,----,----,----,0.205N,.210+ 0.5,.587,----,1000,----,17680,+869,1.460,.200A
SEP19,EURO DLR CALL,9687,----,----,----,0.147N,.152+ 0.5,.467,----,2250,----,21281,+2250,1.150B,.150A
SEP19,EURO DLR CALL,9700,----,----,----,0.102N,.110+ 0.7,.361,----,----,----,28563,0,1.030B,.110A
SEP19,EURO DLR CALL,9712,----,----,----,0.072N,.080+ 0.7,.274,----,----,----,43628,0,.910B,.080A
SEP19,EURO DLR CALL,9725,----,----,----,0.052N,.057+ 0.5,.205,----,----,----,57285,0,.800B,.060A
SEP19,EURO DLR CALL,9737,----,----,----,0.037N,.042+ 0.5,.155,----,----,----,155845,0,.700B,.040A
SEP19,EURO DLR CALL,9750,----,----,----,0.027N,.030+ 0.2,.113,----,----,----,35530,0,.830,.030A
SEP19,EURO DLR CALL,9762,----,----,----,0.022N,.022 UNCH,.085,----,----,----,34948,0,.460B,.020A
SEP19,EURO DLR CALL,9775,----,----,----,0.017N,.017 UNCH,.066,----,----,----,104951,0,.550B,.030
SEP19,EURO DLR CALL,9787,----,----,----,0.012N,.012 UNCH,.048,----,----,----,71325,0,.590B,.030A
SEP19,EURO DLR CALL,9800,0.010,.010,.010,0.010,.010 UNCH,.038,----,2000,----,52910,+2000,.500B,.010
SEP19,EURO DLR CALL,9812,----,----,----,0.007N,.007 UNCH,.028,----,----,----,74431,0,.420B,.020
SEP19,EURO DLR CALL,9825,----,----,----,0.005N,.005 UNCH,.019,----,----,----,22826,0,.340B,.020
SEP19,EURO DLR CALL,9837,----,----,----,0.002N,.005+ 0.2,.018,----,----,----,58193,0,.280B,.010
SEP19,EURO DLR CALL,9850,----,----,----,0.002N,.002 UNCH,.010,----,----,----,63823,0,.220B,.010
SEP19,EURO DLR CALL,9862,----,----,----,----,.002+ 0.2,.006,----,----,----,133825,0,.170B,.010
SEP19,EURO DLR CALL,9875,----,----,----,----,CAB ----,.003,----,----,----,73816,0,.500B,.010
SEP19,EURO DLR CALL,9887,----,----,----,----,CAB ----,.002,----,----,----,12848,0,.100B,.000
SEP19,EURO DLR CALL,9900,----,----,----,----,CAB ----,.001,----,----,----,12369,0,.090,.010
SEP19,EURO DLR CALL,9912,----,----,----,----,CAB ----,.000,----,----,----,600,0,.060B,.010
SEP19,EURO DLR CALL,9925,----,----,----,----,CAB ----,.000,----,----,----,1149,0,.040B,.010
SEP19,EURO DLR CALL,9937,----,----,----,----,CAB ----,.000,----,----,----,200,0,.010B,.010
SEP19,EURO DLR CALL,9950,----,----,----,----,CAB ----,.000,----,----,----,10000,0,.240B,.020A
SEP19,EURO DLR CALL,9975,----,----,----,----,CAB ----,.000,----,----,----,251,0,.000,.000
SEP19,EURO DLR CALL,10000,----,----,----,----,CAB ----,.000,----,----,----,1200,0,.130B,.000
DEC19,EURO DLR CALL,9625,----,----,----,0.527N,.530+ 0.2,.845,----,----,----,2200,0,1.070B,.520A
DEC19,EURO DLR CALL,9650,----,----,----,0.345N,.347+ 0.2,.689,----,200,200,11741,-200,1.380B,.330A
DEC19,EURO DLR CALL,9662,----,----,----,0.270N,.275+ 0.5,.595,----,----,----,330,0,.980B,.260A
DEC19,EURO DLR CALL,9675,----,----,----,0.207N,.212+ 0.5,.501,----,2388,388,9127,+1157,.860B,.200A
DEC19,EURO DLR CALL,9687,----,----,----,0.160N,.162+ 0.2,.411,----,----,----,33359,0,.590B,.150A
DEC19,EURO DLR CALL,9700,----,----,----,0.122N,.125+ 0.2,.332,----,1,1,74113,0,.580B,.120A
DEC19,EURO DLR CALL,9712,----,----,----,0.092N,.095+ 0.2,.264,----,750,750,44591,+9,.430B,.090
DEC19,EURO DLR CALL,9725,----,----,----,0.070N,.072+ 0.2,.209,----,25,25,101254,0,.790,.070
DEC19,EURO DLR CALL,9737,----,----,----,0.055N,.057+ 0.2,.167,----,----,----,75130,0,.620B,.060A
DEC19,EURO DLR CALL,9750,----,----,----,0.042N,.045+ 0.2,.133,----,----,----,84741,0,.640B,.040A
DEC19,EURO DLR CALL,9762,----,----,----,0.035N,.035 UNCH,.105,----,----,----,43666,0,.680,.040A
DEC19,EURO DLR CALL,9775,----,----,----,0.027N,.027 UNCH,.083,----,----,----,151373,0,.600,.030A
DEC19,EURO DLR CALL,9787,----,----,----,0.022N,.022 UNCH,.068,----,----,----,52725,0,.580B,.020
DEC19,EURO DLR CALL,9800,----,----,----,0.017N,.017 UNCH,.053,----,1388,388,53231,+1000,.680B,.020
DEC19,EURO DLR CALL,9812,----,----,----,0.015N,.015 UNCH,.045,----,----,----,71373,0,.420B,.020
DEC19,EURO DLR CALL,9825,----,----,----,0.012N,.012 UNCH,.037,----,----,----,60491,0,.350B,.020
DEC19,EURO DLR CALL,9837,----,----,----,0.010N,.010 UNCH,.030,----,----,----,18241,0,.290B,.020
DEC19,EURO DLR CALL,9850,----,----,----,0.007N,.007 UNCH,.023,----,----,----,44295,0,.590,.010
DEC19,EURO DLR CALL,9862,----,----,----,0.005N,.005 UNCH,.016,----,----,----,12053,0,.190B,.010
DEC19,EURO DLR CALL,9875,----,----,----,0.002N,.002 UNCH,.008,----,----,----,85953,0,.150B,.010
DEC19,EURO DLR CALL,9887,----,----,----,0.002N,.002 UNCH,.005,----,----,----,28570,0,.180,.010
DEC19,EURO DLR CALL,9900,----,----,----,0.002N,.002 UNCH,.003,----,----,----,128527,0,.400B,.010
DEC19,EURO DLR CALL,9912,----,----,----,----,.002+ 0.2,.002,----,----,----,3975,0,.060B,.010
DEC19,EURO DLR CALL,9925,----,----,----,----,CAB ----,.001,----,----,----,21854,0,.050B,.010
DEC19,EURO DLR CALL,9937,----,----,----,----,CAB ----,.000,----,----,----,1,0,.040B,.010
DEC19,EURO DLR CALL,9950,----,----,----,----,CAB ----,.000,----,----,----,5024,0,.250B,.010
DEC19,EURO DLR CALL,9962,----,----,----,----,CAB ----,.000,----,----,----,2000,0,.010B,.010
DEC19,EURO DLR CALL,9975,----,----,----,----,CAB ----,.000,----,----,----,15,0,.200B,----
DEC19,EURO DLR CALL,9987,----,----,----,----,CAB ----,.000,----,----,----,20,0,.010B,----
DEC19,EURO DLR CALL,10000,----,----,----,----,CAB ----,.000,----,----,----,14835,0,.140B,.000
MAR20,EURO DLR CALL,9600,----,----,----,0.732N,.737+ 0.5,.882,----,----,----,12583,0,1.300B,.710A
MAR20,EURO DLR CALL,9675,----,----,----,0.232N,.240+ 0.7,.479,----,825,200,3325,+125,.470B,.230A
MAR20,EURO DLR CALL,9687,----,----,----,0.185N,.192+ 0.7,.406,----,----,----,20602,0,.520B,.180A
MAR20,EURO DLR CALL,9700,----,----,----,0.147N,.155+ 0.7,.340,----,----,----,44058,0,.510B,.150A
MAR20,EURO DLR CALL,9712,----,----,----,0.117N,.125+ 0.7,.283,----,----,----,14814,0,.440B,.120A
MAR20,EURO DLR CALL,9725,----,----,----,0.092N,.100+ 0.7,.234,----,----,----,14380,0,.730B,.100A
MAR20,EURO DLR CALL,9737,----,----,----,0.075N,.080+ 0.5,.192,----,----,----,41171,0,.640B,.080A
MAR20,EURO DLR CALL,9750,----,----,----,0.060N,.065+ 0.5,.158,----,----,----,38685,0,.550B,.060A
MAR20,EURO DLR CALL,9762,----,----,----,0.047N,.052+ 0.5,.130,----,----,----,7975,0,.470B,.050A
MAR20,EURO DLR CALL,9775,----,----,----,0.040N,.042+ 0.2,.107,----,1150,1150,53085,-850,.550,.040A
MAR20,EURO DLR CALL,9787,----,----,----,0.032N,.035+ 0.2,.088,----,----,----,106915,0,.330B,.040A
MAR20,EURO DLR CALL,9800,----,----,----,0.027N,.030+ 0.2,.075,----,----,----,63432,0,.280B,.040
MAR20,EURO DLR CALL,9812,----,----,----,0.022N,.025+ 0.2,.063,----,----,----,4100,0,.230B,.040A
MAR20,EURO DLR CALL,9825,----,----,----,0.020N,.020 UNCH,.051,----,----,----,34133,0,.180B,.030
MAR20,EURO DLR CALL,9837,----,----,----,0.017N,.017 UNCH,.044,----,----,----,125,0,.150B,.030
MAR20,EURO DLR CALL,9850,----,----,----,0.015N,.015 UNCH,.037,----,----,----,7952,0,.120B,.020
MAR20,EURO DLR CALL,9862,----,----,----,0.012N,.012 UNCH,.031,----,----,----,12642,0,.080B,.020
MAR20,EURO DLR CALL,9875,----,----,----,0.010N,.010 UNCH,.025,----,----,----,8885,0,.070B,.020
MAR20,EURO DLR CALL,9887,----,----,----,0.007N,.007 UNCH,.019,----,----,----,1707,0,.030B,.020
MAR20,EURO DLR CALL,9900,----,----,----,0.005N,.005 UNCH,.013,----,----,----,2983,0,.040,.010
MAR20,EURO DLR CALL,9912,----,----,----,0.005N,.005 UNCH,.013,----,----,----,125,0,.020B,.010
MAR20,EURO DLR CALL,9925,----,----,----,0.002N,.002 UNCH,.007,----,----,----,131,0,.010B,.010
MAR20,EURO DLR CALL,9950,----,----,----,0.002N,.002 UNCH,.003,----,----,----,406,0,.030,.010
MAR20,EURO DLR CALL,9975,----,----,----,----,CAB ----,.001,----,----,----,500,0,.010B,.010A
MAR20,EURO DLR CALL,10000,----,----,----,----,CAB ----,.000,----,----,----,45,0,.010,.010
JUN20,EURO DLR CALL,9650,----,----,----,0.400N,.405+ 0.5,.610,----,----,----,1625,0,----,----
JUN20,EURO DLR CALL,9675,----,----,----,0.272N,.280+ 0.7,.477,----,200,200,3538,+200,.500B,.270A
JUN20,EURO DLR CALL,9687,----,----,----,0.225N,.232+ 0.7,.414,----,----,----,10374,0,.540B,.220A
JUN20,EURO DLR CALL,9700,----,----,----,0.185N,.192+ 0.7,.357,----,----,----,69472,0,.540B,.180A
JUN20,EURO DLR CALL,9712,----,----,----,0.152N,.157+ 0.5,.304,----,----,----,14093,0,.490B,.150A
JUN20,EURO DLR CALL,9725,----,----,----,0.125N,.130+ 0.5,.258,----,----,----,3550,0,.460B,.120A
JUN20,EURO DLR CALL,9737,----,----,----,0.102N,.107+ 0.5,.219,----,----,----,20850,0,.390B,.100A
JUN20,EURO DLR CALL,9750,----,----,----,0.085N,.090+ 0.5,.186,----,----,----,31375,0,.560B,.090A
JUN20,EURO DLR CALL,9762,----,----,----,0.070N,.075+ 0.5,.157,----,----,----,4200,0,.480B,.070A
JUN20,EURO DLR CALL,9775,----,----,----,0.060N,.062+ 0.2,.133,----,----,----,14866,0,.540,.060
JUN20,EURO DLR CALL,9787,----,----,----,0.050N,.052+ 0.2,.113,----,----,----,12800,0,.340B,.050A
JUN20,EURO DLR CALL,9800,----,----,----,0.042N,.045+ 0.2,.097,----,----,----,12248,0,.290,.040
JUN20,EURO DLR CALL,9812,----,----,----,0.035N,.037+ 0.2,.081,----,----,----,45386,0,.220B,.040A
JUN20,EURO DLR CALL,9825,----,----,----,0.030N,.032+ 0.2,.070,----,----,----,250,0,.180B,.040
JUN20,EURO DLR CALL,9837,----,----,----,0.025N,.027+ 0.2,.060,----,----,----,36369,0,.140B,.030
JUN20,EURO DLR CALL,9850,----,----,----,0.020N,.022+ 0.2,.049,----,----,----,7139,0,.110B,.020
JUN20,EURO DLR CALL,9862,----,----,----,0.017N,.020+ 0.2,.043,----,----,----,101,0,.090B,.020A
JUN20,EURO DLR CALL,9875,----,----,----,0.015N,.017+ 0.2,.038,----,----,----,6452,0,.110B,.020
JUN20,EURO DLR CALL,9887,----,----,----,0.012N,.015+ 0.2,.032,----,100,100,4304,+100,.050B,.020A
JUN20,EURO DLR CALL,9900,----,----,----,0.010N,.012+ 0.2,.027,----,----,----,8628,0,.030,.020A
JUN20,EURO DLR CALL,9912,----,----,----,0.007N,.010+ 0.2,.022,----,----,----,5,0,.370,.020A
JUN20,EURO DLR CALL,9925,----,----,----,0.005N,.007+ 0.2,.017,----,----,----,5450,0,.030,.020A
JUN20,EURO DLR CALL,9937,----,----,----,0.005N,.005 UNCH,.012,----,----,----,501,0,.020,.010
JUN20,EURO DLR CALL,9950,----,----,----,0.002N,.005+ 0.2,.011,----,----,----,5082,0,.030,.030
JUN20,EURO DLR CALL,9987,----,----,----,0.002N,.002 UNCH,.003,----,----,----,30,0,.120,.010A
JUN20,EURO DLR CALL,10000,----,----,----,----,.002+ 0.2,.002,----,----,----,10280,0,.020,.010
JUN20,EURO DLR CALL,10050,----,----,----,----,CAB ----,.000,----,----,----,5000,0,----,----
SEP20,EURO DLR CALL,9650,----,----,----,0.435N,.442+ 0.7,.597,----,----,----,6355,0,.610B,.420A
SEP20,EURO DLR CALL,9675,----,----,----,0.310N,.317+ 0.7,.480,----,4450,700,8198,+4080,.560B,.310A
SEP20,EURO DLR CALL,9687,----,----,----,0.260N,.267+ 0.7,.423,----,----,----,16075,0,.620B,.260A
SEP20,EURO DLR CALL,9700,----,----,----,0.217N,.225+ 0.7,.371,----,----,----,36785,0,.550B,.220A
SEP20,EURO DLR CALL,9712,----,----,----,0.182N,.190+ 0.7,.323,----,----,----,23724,0,.550B,.180A
SEP20,EURO DLR CALL,9725,----,----,----,0.155N,.160+ 0.5,.280,----,600,600,18209,+239,.740B,.150A
SEP20,EURO DLR CALL,9737,----,----,----,0.130N,.135+ 0.5,.242,----,----,----,3448,0,.650B,.130A
SEP20,EURO DLR CALL,9750,----,----,----,0.110N,.112+ 0.2,.207,----,----,----,8750,0,.570B,.110A
SEP20,EURO DLR CALL,9762,----,----,----,0.092N,.095+ 0.2,.178,----,----,----,12468,0,.490B,.090A
SEP20,EURO DLR CALL,9775,----,----,----,0.077N,.080+ 0.2,.152,----,250,----,34152,+250,.430B,.080A
SEP20,EURO DLR CALL,9787,----,----,----,0.065N,.067+ 0.2,.130,----,600,600,50562,0,.360B,.070A
SEP20,EURO DLR CALL,9800,----,----,----,0.055N,.057+ 0.2,.112,----,----,----,33891,0,.300B,.060
SEP20,EURO DLR CALL,9812,----,----,----,0.047N,.050+ 0.2,.097,----,----,----,4175,0,.240B,.060A
SEP20,EURO DLR CALL,9825,----,----,----,0.040N,.042+ 0.2,.084,----,----,----,11100,0,.200B,.040A
SEP20,EURO DLR CALL,9837,----,----,----,0.035N,.037+ 0.2,.073,----,----,----,1100,0,.160B,.060A
SEP20,EURO DLR CALL,9850,----,----,----,0.030N,.032+ 0.2,.064,----,100,100,8100,+100,.130B,.030
SEP20,EURO DLR CALL,9862,----,----,----,0.025N,.027+ 0.2,.054,----,----,----,20,0,.100B,.040A
SEP20,EURO DLR CALL,9875,----,----,----,0.020N,.022+ 0.2,.045,----,----,----,101,0,.070B,.030
SEP20,EURO DLR CALL,9887,----,----,----,0.017N,.020+ 0.2,.040,----,----,----,100,0,.060B,.030
SEP20,EURO DLR CALL,9900,----,----,----,0.015N,.017+ 0.2,.035,----,----,----,8518,0,.040B,.020
SEP20,EURO DLR CALL,9912,----,----,----,0.012N,.015+ 0.2,.030,----,100,100,102,+100,.030B,.020
SEP20,EURO DLR CALL,9925,----,----,----,0.010N,.012+ 0.2,.025,----,----,----,1,0,.020,.020
SEP20,EURO DLR CALL,9950,----,----,----,0.005N,.007+ 0.2,.016,----,----,----,5001,0,----,.020A
SEP20,EURO DLR CALL,10000,----,----,----,0.002N,.002 UNCH,.004,----,----,----,10032,0,.010B,.010
SEP20,EURO DLR CALL,10050,----,----,----,----,CAB ----,.001,----,----,----,5001,0,----,----
DEC20,EURO DLR CALL,9662,----,----,----,0.405N,.412+ NEW,.533,----,100,100,100,+100,.540B,.400A
DEC20,EURO DLR CALL,9675,----,----,----,0.347N,.355+ 0.7,.480,----,3170,920,19123,-50,.700B,.340
DEC20,EURO DLR CALL,9687,----,----,----,0.297N,.302+ 0.5,.429,----,----,----,14389,0,.620B,.290A
DEC20,EURO DLR CALL,9700,----,----,----,0.252N,.257+ 0.5,.381,----,----,----,23582,0,.570B,.250A
DEC20,EURO DLR CALL,9712,----,----,----,0.215N,.220+ 0.5,.336,----,1000,----,13881,0,.500B,.210A
DEC20,EURO DLR CALL,9725,----,----,----,0.185N,.190+ 0.5,.296,----,----,----,8261,0,.440B,.180A
DEC20,EURO DLR CALL,9737,----,----,----,0.157N,.162+ 0.5,.260,----,----,----,4935,0,.380B,.160A
DEC20,EURO DLR CALL,9750,----,----,----,0.135N,.137+ 0.2,.226,----,2500,2500,19606,+2096,.350,.140A
DEC20,EURO DLR CALL,9762,----,----,----,0.115N,.117+ 0.2,.197,----,----,----,7400,0,.330,.120A
DEC20,EURO DLR CALL,9775,----,----,----,0.097N,.100+ 0.2,.171,----,2500,2500,8750,+2500,.240B,.100A
DEC20,EURO DLR CALL,9787,----,----,----,0.085N,.087+ 0.2,.150,----,----,----,3500,0,.190B,.090A
DEC20,EURO DLR CALL,9800,----,----,----,0.072N,.075+ 0.2,.130,----,----,----,9065,0,.160,.070
DEC20,EURO DLR CALL,9812,----,----,----,0.062N,.065+ 0.2,.114,----,----,----,600,0,.130B,.070A
DEC20,EURO DLR CALL,9825,----,----,----,0.052N,.055+ 0.2,.098,----,----,----,17750,0,.110B,.060A
DEC20,EURO DLR CALL,9837,----,----,----,0.045N,.047+ 0.2,.085,----,----,----,1001,0,.270,.050A
DEC20,EURO DLR CALL,9850,----,----,----,0.037N,.040+ 0.2,.073,----,100,100,11450,+100,.110,.040
DEC20,EURO DLR CALL,9862,----,----,----,0.032N,.032 UNCH,.061,----,----,----,1500,0,.100,.060A
DEC20,EURO DLR CALL,9875,----,----,----,0.027N,.027 UNCH,.052,----,----,----,760,0,.060B,.040
DEC20,EURO DLR CALL,9887,----,----,----,0.022N,.022 UNCH,.043,----,----,----,1,0,.050B,.040
DEC20,EURO DLR CALL,9900,----,----,----,0.020N,.020 UNCH,.038,----,----,----,7398,0,.120,.020
DEC20,EURO DLR CALL,9912,----,----,----,0.017N,.017 UNCH,.034,----,100,100,100,+100,.030B,.020
DEC20,EURO DLR CALL,9925,----,----,----,0.015N,.015 UNCH,.029,----,----,----,5000,0,.030,.020
DEC20,EURO DLR CALL,9950,----,----,----,0.010N,.010 UNCH,.020,----,----,----,1011,0,.020,.020A
DEC20,EURO DLR CALL,9962,----,----,----,0.007N,.007 UNCH,.015,----,----,----,500,0,----,.020A
DEC20,EURO DLR CALL,9975,----,----,----,0.005N,.005 UNCH,.011,----,----,----,1,0,.030,.010
DEC20,EURO DLR CALL,10000,----,----,----,0.002N,.002 UNCH,.006,----,----,----,530,0,.010,.010
MAR21,EURO DLR CALL,9650,----,----,----,0.520N,.525+ 0.5,.585,----,----,----,3527,0,.770B,.500A
MAR21,EURO DLR CALL,9675,----,----,----,0.390N,.397+ 0.7,.490,----,350,250,1099,+200,.610B,.380A
MAR21,EURO DLR CALL,9687,----,----,----,0.337N,.345+ 0.7,.443,----,----,----,11361,0,.540B,.330A
MAR21,EURO DLR CALL,9700,----,----,----,0.292N,.300+ 0.7,.398,----,590,590,13805,+30,.480B,.290A
MAR21,EURO DLR CALL,9712,----,----,----,0.255N,.260+ 0.5,.356,----,----,----,7050,0,.420B,.250A
MAR21,EURO DLR CALL,9725,----,----,----,0.220N,.225+ NEW,.317,----,5500,5000,5500,+5500,.370B,.220A
MAR21,EURO DLR CALL,9737,----,----,----,0.190N,.195+ 0.5,.281,----,----,----,11950,0,.320B,.190A
MAR21,EURO DLR CALL,9750,----,----,----,0.162N,.167+ 0.5,.248,----,590,590,4730,+230,.280B,.170A
MAR21,EURO DLR CALL,9762,----,----,----,0.140N,.145+ 0.5,.219,----,----,----,1900,0,.240B,.140A
MAR21,EURO DLR CALL,9775,----,----,----,0.120N,.125+ 0.5,.193,----,----,----,1400,0,.210B,.130A
MAR21,EURO DLR CALL,9787,----,----,----,0.102N,.107+ 0.5,.169,----,----,----,1550,0,.180B,.110A
MAR21,EURO DLR CALL,9800,----,----,----,0.090N,.095+ 0.5,.150,----,----,----,31264,0,.420,.100A
MAR21,EURO DLR CALL,9850,----,----,----,0.050N,.052+ 0.2,.087,----,----,----,10,0,.330B,.060A
MAR21,EURO DLR CALL,9900,----,----,----,0.027N,.030+ 0.2,.051,----,----,----,800,0,.050B,.050A
MAR21,EURO DLR CALL,9925,----,----,----,0.020N,.020 UNCH,.036,----,----,----,20,0,----,----
MAR21,EURO DLR CALL,9950,----,----,----,0.015N,.015 UNCH,.027,----,----,----,1000,0,----,----
MAR21,EURO DLR CALL,9975,----,----,----,0.010N,.010 UNCH,.019,----,----,----,10,0,----,----
MAR21,EURO DLR CALL,10000,----,----,----,0.007N,.007 UNCH,.014,----,----,----,775,0,.020,.020
JUN21,EURO DLR CALL,9600,----,----,----,0.870N,.880+ 1.0,.744,----,----,----,750,0,----,----
JUN21,EURO DLR CALL,9625,----,----,----,0.700N,.715+ 1.5,.668,----,----,----,500,0,----,----
JUN21,EURO DLR CALL,9637,----,----,----,0.622N,.640+ 1.7,.626,----,----,----,1500,0,----,----
JUN21,EURO DLR CALL,9650,----,----,----,0.552N,.567+ 1.5,.584,----,----,----,11100,0,.800B,.550A
JUN21,EURO DLR CALL,9675,----,----,----,0.427N,.437+ 1.0,.496,----,----,----,5700,0,.640B,.420A
JUN21,EURO DLR CALL,9687,----,----,----,0.375N,.385+ 1.0,.453,----,----,----,10450,0,.570B,.370A
JUN21,EURO DLR CALL,9700,----,----,----,0.330N,.337+ 0.7,.410,----,----,----,63075,0,.510B,.330A
JUN21,EURO DLR CALL,9712,----,----,----,0.290N,.297+ 0.7,.371,----,----,----,800,0,.450B,.290A
JUN21,EURO DLR CALL,9737,----,----,----,0.220N,.230+ 1.0,.301,----,----,----,500,0,.350B,.220A
JUN21,EURO DLR CALL,9750,----,----,----,0.192N,.200+ 0.7,.268,----,----,----,11900,0,.310B,.190A
JUN21,EURO DLR CALL,9762,----,----,----,0.167N,.175+ 0.7,.240,----,----,----,250,0,.270B,.170A
JUN21,EURO DLR CALL,9775,----,----,----,0.145N,.152+ 0.7,.213,----,----,----,1758,0,.240B,.150A
JUN21,EURO DLR CALL,9787,----,----,----,0.125N,.132+ 0.7,.189,----,----,----,2350,0,.210B,.130A
JUN21,EURO DLR CALL,9800,----,----,----,0.110N,.115+ 0.5,.167,----,----,----,45000,0,.190B,.120A
JUN21,EURO DLR CALL,9812,----,----,----,0.095N,.100+ 0.5,.148,----,----,----,3850,0,.160B,.110A
JUN21,EURO DLR CALL,9825,----,----,----,0.082N,.087+ 0.5,.131,----,----,----,180,0,.330,.100
JUN21,EURO DLR CALL,9850,----,----,----,0.062N,.067+ 0.5,.103,----,----,----,7,0,.100B,.070A
JUN21,EURO DLR CALL,10000,----,----,----,0.015N,.015 UNCH,.024,----,----,----,300,0,.020,.020
SEP21,EURO DLR CALL,9675,----,----,----,0.460N,.467+ 0.7,.499,----,825,200,800,+250,----,----
SEP21,EURO DLR CALL,9687,----,----,----,0.407N,.415+ 0.7,.457,----,----,----,1450,0,----,----
SEP21,EURO DLR CALL,9700,----,----,----,0.360N,.367+ 0.7,.418,----,----,----,1150,0,.510,.510
SEP21,EURO DLR CALL,9712,----,----,----,0.317N,.325+ 0.7,.380,----,----,----,25,0,----,----
SEP21,EURO DLR CALL,9762,----,----,----,0.195N,.200+ 0.5,.254,----,----,----,400,0,----,----
SEP21,EURO DLR CALL,9800,----,----,----,0.135N,.140+ 0.5,.185,----,----,----,1000,0,.170B,----
SEP21,EURO DLR CALL,9950,----,----,----,0.027N,.030+ 0.2,.045,----,----,----,5,0,----,----
SEP21,EURO DLR CALL,9975,----,----,----,0.020N,.020 UNCH,.032,----,----,----,5,0,----,----
SEP21,EURO DLR CALL,10000,----,----,----,0.015N,.015 UNCH,.024,----,----,----,125,0,----,----
DEC21,EURO DLR CALL,9700,----,----,----,0.382N,.390+ 0.7,.419,----,----,----,550,0,----,----
DEC21,EURO DLR CALL,9712,----,----,----,0.340N,.347+ 0.7,.383,----,----,----,25,0,----,----
DEC21,EURO DLR CALL,9800,----,----,----,0.155N,.157+ 0.2,.195,----,----,----,200,0,.170B,.160
DEC21,EURO DLR CALL,9900,----,----,----,0.060N,.065+ 0.5,.086,----,----,----,505,0,----,----
DEC21,EURO DLR CALL,9925,----,----,----,0.045N,.047+ 0.2,.066,----,----,----,16,0,----,----
DEC21,EURO DLR CALL,9950,----,----,----,0.035N,.037+ 0.2,.053,----,----,----,5,0,----,----
DEC21,EURO DLR CALL,9975,----,----,----,0.025N,.027+ 0.2,.040,----,----,----,16,0,----,----
DEC21,EURO DLR CALL,10000,----,----,----,0.017N,.020+ 0.2,.030,----,----,----,25,0,----,----
MAR22,EURO DLR CALL,9675,----,----,----,0.512N,.520+ 0.7,.499,----,----,----,250,0,----,----
MAR22,EURO DLR CALL,9687,----,----,----,0.460N,.467+ 0.7,.462,----,----,----,100,0,----,----
MAR22,EURO DLR CALL,9712,----,----,----,0.365N,.372+ 0.7,.391,----,----,----,350,0,----,----
JUN22,EURO DLR CALL,9687,----,----,----,0.475N,.487+ 1.2,.463,----,----,----,10,0,----,----
JUN22,EURO DLR CALL,9850,----,----,----,0.130N,.140+ 1.0,.156,----,----,----,10,0,.180,.160
JUN22,EURO DLR CALL,9900,----,----,----,0.095N,.102+ 0.7,.114,----,----,----,100,0,----,----
JUN22,EURO DLR CALL,10000,----,----,----,0.030N,.032+ 0.2,.043,----,----,----,200,0,----,----
JUN22,EURO DLR CALL,10100,----,----,----,0.005N,.005 UNCH,.008,----,----,----,100,0,----,----
SEP22,EURO DLR CALL,9687,----,----,----,0.500N,.512+ 1.2,.464,----,----,----,10,0,----,----
